"id","output"
0,0.467782407999039
1,0.850331246852875
2,0.756439983844757
3,0.719943106174469
4,0.532954692840576
5,0.933305025100708
6,0.906195640563965
7,0.794876039028168
8,0.805510461330414
9,0.822081208229065
10,0.834095358848572
11,0.724304974079132
12,0.793127536773682
13,0.815622270107269
14,0.778242528438568
15,0.526069223880768
16,0.848871886730194
17,0.451574414968491
18,0.49258017539978
19,0.772282958030701
20,0.691870331764221
21,0.691458523273468
22,0.363791108131409
23,0.847460091114044
24,0.854093790054321
25,0.705644071102142
26,0.869047880172729
27,0.848871886730194
28,0.718274831771851
29,0.740037798881531
30,0.886847376823425
31,0.907360434532166
32,0.883870184421539
33,0.916739881038666
34,0.903092443943024
35,0.91696685552597
36,0.767058193683624
37,0.891405522823334
38,0.938872694969177
39,0.850990653038025
40,0.867891669273376
41,0.846498668193817
42,0.892796635627747
43,0.823804795742035
44,0.798081457614899
45,0.867891669273376
46,0.867891669273376
47,0.843756675720215
48,0.862103164196014
49,0.5021151304245
50,0.549035310745239
51,0.875617384910583
52,0.580861747264862
53,0.446300357580185
54,0.643998146057129
55,0.555263459682465
56,0.653431296348572
57,0.812327086925507
58,0.878384411334991
59,0.838653981685638
60,0.860645532608032
61,0.606781899929047
62,0.547943353652954
63,0.668728590011597
64,0.255506128072739
65,0.0881954282522202
66,0.421714901924133
67,0.44695258140564
68,0.562836885452271
69,0.489571839570999
70,0.3570476770401
71,0.761056065559387
72,0.703887403011322
73,0.485577076673508
74,0.728680551052094
75,0.543728649616241
76,0.366468459367752
77,0.15007409453392
78,0.39926353096962
79,0.178499191999435
80,0.229118958115578
81,0.150195226073265
82,0.791277885437012
83,0.534890115261078
84,0.338832885026932
85,0.152411550283432
86,0.238342761993408
87,0.208157435059547
88,0.142884865403175
89,0.140062436461449
90,0.131131544709206
91,0.532661139965057
92,0.239687472581863
93,0.780980408191681
94,0.36625000834465
95,0.640805304050446
96,0.533058524131775
97,0.79790210723877
98,0.158520445227623
99,0.354446291923523
100,0.656899929046631
101,0.867891669273376
102,0.869728147983551
103,0.720500349998474
104,0.892796635627747
105,0.842056095600128
106,0.831255316734314
107,0.800129055976868
108,0.920989692211151
109,0.90202397108078
110,0.761651158332825
111,0.693377614021301
112,0.901749074459076
113,0.790691077709198
114,0.867891669273376
115,0.881625533103943
116,0.867891669273376
117,0.881625533103943
118,0.867891669273376
119,0.850990653038025
120,0.885163545608521
121,0.852850198745728
122,0.841283798217773
123,0.867891669273376
124,0.867891669273376
125,0.892796635627747
126,0.821257889270782
127,0.892796635627747
128,0.854933977127075
129,0.892796635627747
130,0.867891669273376
131,0.820562124252319
132,0.819712221622467
133,0.908897459506989
134,0.819305002689362
135,0.864332318305969
136,0.870661377906799
137,0.809566140174866
138,0.798468947410583
139,0.867891669273376
140,0.867891669273376
141,0.892796635627747
142,0.846498668193817
143,0.85484117269516
144,0.864332318305969
145,0.933767318725586
146,0.87053394317627
147,0.868247509002686
148,0.912025392055511
149,0.881625533103943
150,0.85484117269516
151,0.878384411334991
152,0.85484117269516
153,0.881625533103943
154,0.867891669273376
155,0.892796635627747
156,0.899214744567871
157,0.868390142917633
158,0.899214744567871
159,0.894537806510925
160,0.902639508247375
161,0.933371782302856
162,0.861335039138794
163,0.899214744567871
164,0.896398544311523
165,0.782730519771576
166,0.933767318725586
167,0.879391133785248
168,0.827168345451355
169,0.881625533103943
170,0.881625533103943
171,0.867891669273376
172,0.867891669273376
173,0.867891669273376
174,0.892796635627747
175,0.867891669273376
176,0.899214744567871
177,0.867891669273376
178,0.859608829021454
179,0.881625533103943
180,0.809467256069183
181,0.867891669273376
182,0.85484117269516
183,0.87053394317627
184,0.853469789028168
185,0.867891669273376
186,0.878384411334991
187,0.859983265399933
188,0.892796635627747
189,0.881625533103943
190,0.867891669273376
191,0.881625533103943
192,0.881625533103943
193,0.881625533103943
194,0.859564363956451
195,0.743129670619965
196,0.881625533103943
197,0.867891669273376
198,0.824644446372986
199,0.842051446437836
200,0.867891669273376
201,0.867891669273376
202,0.867891669273376
203,0.867891669273376
204,0.83894008398056
205,0.865261316299438
206,0.884029865264893
207,0.821257889270782
208,0.881625533103943
209,0.867891669273376
210,0.864332318305969
211,0.845001578330994
212,0.864332318305969
213,0.867891669273376
214,0.867891669273376
215,0.887260615825653
216,0.788251757621765
217,0.863958358764648
218,0.881625533103943
219,0.891042351722717
220,0.867891669273376
221,0.867891669273376
222,0.887260615825653
223,0.867891669273376
224,0.874078810214996
225,0.838670015335083
226,0.867891669273376
227,0.867891669273376
228,0.867891669273376
229,0.892796635627747
230,0.867891669273376
231,0.842467546463013
232,0.876776099205017
233,0.867891669273376
234,0.864332318305969
235,0.867891669273376
236,0.864332318305969
237,0.823804795742035
238,0.88120174407959
239,0.905471920967102
240,0.926567375659943
241,0.892796635627747
242,0.810684204101562
243,0.788028299808502
244,0.827404975891113
245,0.867891669273376
246,0.881625533103943
247,0.905728459358215
248,0.892796635627747
249,0.892796635627747
250,0.892796635627747
251,0.892796635627747
252,0.892796635627747
253,0.892796635627747
254,0.867891669273376
255,0.885869860649109
256,0.885869860649109
257,0.868247509002686
258,0.867891669273376
259,0.892796635627747
260,0.892796635627747
261,0.885869860649109
262,0.931404888629913
263,0.868966102600098
264,0.907693684101105
265,0.910803854465485
266,0.892796635627747
267,0.867891669273376
268,0.844594180583954
269,0.867891669273376
270,0.83174455165863
271,0.867891669273376
272,0.815997898578644
273,0.769010365009308
274,0.892796635627747
275,0.827404975891113
276,0.867891669273376
277,0.867891669273376
278,0.864332318305969
279,0.85484117269516
280,0.881625533103943
281,0.887260615825653
282,0.881625533103943
283,0.867891669273376
284,0.867891669273376
285,0.908897459506989
286,0.867891669273376
287,0.829924643039703
288,0.856584012508392
289,0.867891669273376
290,0.822722256183624
291,0.871780455112457
292,0.887260615825653
293,0.827404975891113
294,0.871780455112457
295,0.853469789028168
296,0.695702016353607
297,0.925251126289368
298,0.877884328365326
299,0.411465913057327
300,0.871313571929932
301,0.656826674938202
302,0.252710610628128
303,0.347792148590088
304,0.347792148590088
305,0.213362500071526
306,0.172571301460266
307,0.633530735969543
308,0.47837108373642
309,0.599447667598724
310,0.61263245344162
311,0.844708979129791
312,0.636452376842499
313,0.300376415252686
314,0.184881284832954
315,0.892796635627747
316,0.823804795742035
317,0.881343841552734
318,0.843756675720215
319,0.963979244232178
320,0.963387608528137
321,0.952727854251862
322,0.887571036815643
323,0.963387608528137
324,0.945688009262085
325,0.959482848644257
326,0.963979244232178
327,0.914063155651093
328,0.933316111564636
329,0.940930783748627
330,0.932189583778381
331,0.933605432510376
332,0.951011598110199
333,0.964188098907471
334,0.964188098907471
335,0.952484250068665
336,0.950224041938782
337,0.964188098907471
338,0.964188098907471
339,0.964188098907471
340,0.964188098907471
341,0.959024906158447
342,0.964188098907471
343,0.950224041938782
344,0.964188098907471
345,0.964188098907471
346,0.944988489151001
347,0.964188098907471
348,0.941211938858032
349,0.964188098907471
350,0.946723759174347
351,0.941388249397278
352,0.923580348491669
353,0.920548141002655
354,0.859131038188934
355,0.946723759174347
356,0.87662398815155
357,0.945154130458832
358,0.940930783748627
359,0.945154130458832
360,0.951991677284241
361,0.953489363193512
362,0.946723759174347
363,0.946723759174347
364,0.946723759174347
365,0.946723759174347
366,0.907614290714264
367,0.941388249397278
368,0.84713226556778
369,0.961467087268829
370,0.891511976718903
371,0.950918138027191
372,0.946723759174347
373,0.934587419033051
374,0.876766920089722
375,0.946723759174347
376,0.859466671943665
377,0.955132305622101
378,0.902938723564148
379,0.926750600337982
380,0.911988973617554
381,0.926750600337982
382,0.926750600337982
383,0.881625533103943
384,0.874855041503906
385,0.837517082691193
386,0.833063840866089
387,0.906395792961121
388,0.862103164196014
389,0.881625533103943
390,0.83521568775177
391,0.863200485706329
392,0.801222264766693
393,0.867891669273376
394,0.862103164196014
395,0.850990653038025
396,0.834095358848572
397,0.834095358848572
398,0.933767318725586
399,0.892796635627747
400,0.867891669273376
401,0.867891669273376
402,0.864332318305969
403,0.867891669273376
404,0.877704501152039
405,0.867891669273376
406,0.871780455112457
407,0.908897459506989
408,0.864332318305969
409,0.815131366252899
410,0.78313934803009
411,0.912025392055511
412,0.665073037147522
413,0.876776099205017
414,0.892796635627747
415,0.907391369342804
416,0.876776099205017
417,0.892796635627747
418,0.890546917915344
419,0.881625533103943
420,0.892796635627747
421,0.808062136173248
422,0.628581285476685
423,0.866210699081421
424,0.892796635627747
425,0.892796635627747
426,0.908897459506989
427,0.844594180583954
428,0.881625533103943
429,0.841283798217773
430,0.892796635627747
431,0.888198852539062
432,0.892796635627747
433,0.900970578193665
434,0.881625533103943
435,0.808437466621399
436,0.824147999286652
437,0.874499022960663
438,0.457927286624908
439,0.917616903781891
440,0.780915975570679
441,0.773777902126312
442,0.880161583423615
443,0.591192305088043
444,0.653254389762878
445,0.700784802436829
446,0.785556375980377
447,0.764529943466187
448,0.87685364484787
449,0.759501278400421
450,0.823085248470306
451,0.832451343536377
452,0.741418421268463
453,0.746725738048553
454,0.76465892791748
455,0.760483384132385
456,0.838135540485382
457,0.728837192058563
458,0.876919448375702
459,0.77841055393219
460,0.836257755756378
461,0.7279132604599
462,0.56260222196579
463,0.74211972951889
464,0.688014626502991
465,0.781351745128632
466,0.817704916000366
467,0.87685364484787
468,0.738866448402405
469,0.823431491851807
470,0.847460091114044
471,0.895067453384399
472,0.774205267429352
473,0.87685364484787
474,0.864273905754089
475,0.815920948982239
476,0.850719153881073
477,0.78958922624588
478,0.664660036563873
479,0.672950744628906
480,0.70410430431366
481,0.848871886730194
482,0.759501278400421
483,0.714824974536896
484,0.67045122385025
485,0.771205544471741
486,0.784018933773041
487,0.805592477321625
488,0.751873135566711
489,0.87685364484787
490,0.75030916929245
491,0.897230565547943
492,0.849270045757294
493,0.822542369365692
494,0.923394620418549
495,0.810051798820496
496,0.820380508899689
497,0.921958088874817
498,0.927844345569611
499,0.934975326061249
500,0.934975326061249
501,0.934975326061249
502,0.910516560077667
503,0.895836532115936
504,0.903092443943024
505,0.903092443943024
506,0.917789280414581
507,0.913531482219696
508,0.921958088874817
509,0.909855484962463
510,0.903364062309265
511,0.921958088874817
512,0.934975326061249
513,0.857750177383423
514,0.952251672744751
515,0.846499502658844
516,0.913531482219696
517,0.897011160850525
518,0.823232054710388
519,0.907614290714264
520,0.921958088874817
521,0.903092443943024
522,0.921958088874817
523,0.921958088874817
524,0.934975326061249
525,0.880585670471191
526,0.900372624397278
527,0.923614203929901
528,0.918979942798615
529,0.898666203022003
530,0.92026686668396
531,0.913531482219696
532,0.952968835830688
533,0.921958088874817
534,0.892035305500031
535,0.904493451118469
536,0.857682645320892
537,0.932001054286957
538,0.926773607730865
539,0.890124678611755
540,0.882945358753204
541,0.918979942798615
542,0.921958088874817
543,0.897978186607361
544,0.912180006504059
545,0.863278448581696
546,0.884423494338989
547,0.859940946102142
548,0.886256277561188
549,0.953966498374939
550,0.943335354328156
551,0.952968835830688
552,0.943335354328156
553,0.909855484962463
554,0.943335354328156
555,0.952968835830688
556,0.903912305831909
557,0.952968835830688
558,0.92013818025589
559,0.943335354328156
560,0.909855484962463
561,0.913531482219696
562,0.943335354328156
563,0.91107589006424
564,0.908396244049072
565,0.916739881038666
566,0.903092443943024
567,0.893090963363647
568,0.883533596992493
569,0.888839840888977
570,0.881625533103943
571,0.892796635627747
572,0.854933977127075
573,0.889823079109192
574,0.819305002689362
575,0.847723424434662
576,0.907693684101105
577,0.892796635627747
578,0.881625533103943
579,0.881343841552734
580,0.864332318305969
581,0.812142133712769
582,0.892796635627747
583,0.881625533103943
584,0.87282794713974
585,0.881625533103943
586,0.811988353729248
587,0.778631627559662
588,0.667240023612976
589,0.867891669273376
590,0.889823079109192
591,0.862390458583832
592,0.874078810214996
593,0.892796635627747
594,0.857839643955231
595,0.933767318725586
596,0.8928462266922
597,0.876130521297455
598,0.892796635627747
599,0.876776099205017
600,0.867891669273376
601,0.889823079109192
602,0.891042351722717
603,0.885869860649109
604,0.885869860649109
605,0.853518605232239
606,0.874078810214996
607,0.896398544311523
608,0.881625533103943
609,0.867891669273376
610,0.890546917915344
611,0.837517082691193
612,0.908897459506989
613,0.902694761753082
614,0.931843519210815
615,0.925403833389282
616,0.702855348587036
617,0.881625533103943
618,0.908705651760101
619,0.892796635627747
620,0.867891669273376
621,0.881625533103943
622,0.717345476150513
623,0.881625533103943
624,0.881625533103943
625,0.867891669273376
626,0.812142133712769
627,0.920060992240906
628,0.841283798217773
629,0.819712221622467
630,0.838670015335083
631,0.892796635627747
632,0.843510985374451
633,0.873727262020111
634,0.872710645198822
635,0.912087142467499
636,0.874078810214996
637,0.83894008398056
638,0.881625533103943
639,0.885869860649109
640,0.885869860649109
641,0.885869860649109
642,0.866941750049591
643,0.874078810214996
644,0.83894008398056
645,0.715430974960327
646,0.857210397720337
647,0.892796635627747
648,0.777951002120972
649,0.800830483436584
650,0.864332318305969
651,0.822145342826843
652,0.825547993183136
653,0.785379886627197
654,0.867891669273376
655,0.868247509002686
656,0.846468925476074
657,0.831656157970428
658,0.859608829021454
659,0.731997847557068
660,0.888198852539062
661,0.892796635627747
662,0.880237221717834
663,0.903720855712891
664,0.898940622806549
665,0.876776099205017
666,0.912025392055511
667,0.849097490310669
668,0.726446926593781
669,0.925764203071594
670,0.821678102016449
671,0.855396628379822
672,0.761892437934875
673,0.830947458744049
674,0.876776099205017
675,0.90064525604248
676,0.862390458583832
677,0.881625533103943
678,0.786674618721008
679,0.869728147983551
680,0.697342991828918
681,0.881625533103943
682,0.841337502002716
683,0.735527217388153
684,0.747910261154175
685,0.892796635627747
686,0.881625533103943
687,0.857839643955231
688,0.808234393596649
689,0.811079680919647
690,0.710273027420044
691,0.415794193744659
692,0.836660623550415
693,0.822979331016541
694,0.745646595954895
695,0.665305614471436
696,0.842377960681915
697,0.868021309375763
698,0.805460155010223
699,0.658254206180573
700,0.630380511283875
701,0.675572276115417
702,0.74275541305542
703,0.728251397609711
704,0.856175661087036
705,0.714690625667572
706,0.815738260746002
707,0.642294049263
708,0.853777647018433
709,0.863579928874969
710,0.908294141292572
711,0.863967061042786
712,0.7895388007164
713,0.824257850646973
714,0.505101025104523
715,0.836660623550415
716,0.923623561859131
717,0.732903718948364
718,0.642294049263
719,0.84788054227829
720,0.80971372127533
721,0.79199892282486
722,0.79947704076767
723,0.538746654987335
724,0.853777647018433
725,0.745646595954895
726,0.817943692207336
727,0.827054619789124
728,0.580536484718323
729,0.850368440151215
730,0.610590755939484
731,0.853171050548553
732,0.778576970100403
733,0.819614708423615
734,0.741053342819214
735,0.594712376594543
736,0.741053342819214
737,0.771542072296143
738,0.657030701637268
739,0.628794431686401
740,0.819614708423615
741,0.448886752128601
742,0.74650764465332
743,0.691878855228424
744,0.594712376594543
745,0.778576970100403
746,0.719868898391724
747,0.722756206989288
748,0.793737471103668
749,0.648703396320343
750,0.696768224239349
751,0.691878855228424
752,0.675572276115417
753,0.939477860927582
754,0.74095606803894
755,0.741875529289246
756,0.741875529289246
757,0.527076482772827
758,0.537670612335205
759,0.84788054227829
760,0.560902893543243
761,0.863395929336548
762,0.815738260746002
763,0.683005809783936
764,0.733171224594116
765,0.828660130500793
766,0.84788054227829
767,0.7895388007164
768,0.745646595954895
769,0.770373404026031
770,0.661562383174896
771,0.847869396209717
772,0.863967061042786
773,0.670555889606476
774,0.85563987493515
775,0.705683767795563
776,0.745933413505554
777,0.726016938686371
778,0.827054619789124
779,0.813327968120575
780,0.836121678352356
781,0.544339895248413
782,0.541239023208618
783,0.753189980983734
784,0.7895388007164
785,0.590245306491852
786,0.859359383583069
787,0.732094526290894
788,0.853777647018433
789,0.626228451728821
790,0.765309691429138
791,0.610590755939484
792,0.817943692207336
793,0.885971426963806
794,0.791977763175964
795,0.803856134414673
796,0.842377960681915
797,0.397555619478226
798,0.726016938686371
799,0.863395929336548
800,0.764000535011292
801,0.803856134414673
802,0.7895388007164
803,0.716342389583588
804,0.765309691429138
805,0.791977763175964
806,0.421982556581497
807,0.811079680919647
808,0.610590755939484
809,0.666626930236816
810,0.879057109355927
811,0.924976766109467
812,0.740072250366211
813,0.879264235496521
814,0.823629796504974
815,0.541281402111053
816,0.906295895576477
817,0.777141928672791
818,0.84788054227829
819,0.838747084140778
820,0.677858650684357
821,0.823629796504974
822,0.733171224594116
823,0.705683767795563
824,0.677858650684357
825,0.557269215583801
826,0.698749721050262
827,0.827054619789124
828,0.894604384899139
829,0.696768224239349
830,0.891550660133362
831,0.788666665554047
832,0.853171050548553
833,0.737226665019989
834,0.828660130500793
835,0.853777647018433
836,0.7895388007164
837,0.745646595954895
838,0.815738260746002
839,0.836121678352356
840,0.643704831600189
841,0.865473031997681
842,0.867891669273376
843,0.867891669273376
844,0.925583124160767
845,0.867891669273376
846,0.881625533103943
847,0.944932520389557
848,0.82386326789856
849,0.881625533103943
850,0.85484117269516
851,0.896483421325684
852,0.867891669273376
853,0.820562124252319
854,0.756851434707642
855,0.944932520389557
856,0.889823079109192
857,0.891405522823334
858,0.862103164196014
859,0.86830997467041
860,0.892796635627747
861,0.85484117269516
862,0.846498668193817
863,0.913341522216797
864,0.867891669273376
865,0.933767318725586
866,0.908705651760101
867,0.786770284175873
868,0.865763008594513
869,0.636392414569855
870,0.480518132448196
871,0.304272085428238
872,0.657094836235046
873,0.760144352912903
874,0.791335463523865
875,0.604569613933563
876,0.792049288749695
877,0.870302200317383
878,0.900379121303558
879,0.820562124252319
880,0.955278158187866
881,0.922084271907806
882,0.893931806087494
883,0.933767318725586
884,0.933767318725586
885,0.885869860649109
886,0.915176451206207
887,0.935192346572876
888,0.933767318725586
889,0.792693912982941
890,0.79273134469986
891,0.871780455112457
892,0.837918639183044
893,0.842139661312103
894,0.892796635627747
895,0.768384993076324
896,0.892796635627747
897,0.891668140888214
898,0.926574409008026
899,0.892796635627747
900,0.926622331142426
901,0.876776099205017
902,0.892796635627747
903,0.85563850402832
904,0.905728459358215
905,0.892796635627747
906,0.810523152351379
907,0.787463843822479
908,0.530339062213898
909,0.648982107639313
910,0.791202008724213
911,0.444015920162201
912,0.45374995470047
913,0.76394122838974
914,0.766954720020294
915,0.380114108324051
916,0.793744802474976
917,0.843795418739319
918,0.765708386898041
919,0.29043909907341
920,0.525356888771057
921,0.519425511360168
922,0.852056443691254
923,0.700131833553314
924,0.764323115348816
925,0.51783150434494
926,0.570322871208191
927,0.331084400415421
928,0.750947296619415
929,0.796482682228088
930,0.542059421539307
931,0.848906099796295
932,0.857812166213989
933,0.754294037818909
934,0.660810232162476
935,0.501287698745728
936,0.35751935839653
937,0.599951148033142
938,0.819312632083893
939,0.769173681735992
940,0.758326768875122
941,0.559227883815765
942,0.664329290390015
943,0.529875755310059
944,0.869100749492645
945,0.83713310956955
946,0.865314304828644
947,0.458623200654984
948,0.482820808887482
949,0.576740622520447
950,0.603446662425995
951,0.564733266830444
952,0.616675555706024
953,0.421600192785263
954,0.61684787273407
955,0.796171605587006
956,0.908400893211365
957,0.836108386516571
958,0.867891669273376
959,0.721446931362152
960,0.819305002689362
961,0.850990653038025
962,0.887260615825653
963,0.797253370285034
964,0.782730519771576
965,0.741426944732666
966,0.792473137378693
967,0.867891669273376
968,0.798016607761383
969,0.892796635627747
970,0.867891669273376
971,0.467782407999039
972,0.849616527557373
973,0.704701900482178
974,0.667458117008209
975,0.812323153018951
976,0.884029865264893
977,0.892796635627747
978,0.892796635627747
979,0.833797335624695
980,0.892796635627747
981,0.901749074459076
982,0.967576444149017
983,0.951681733131409
984,0.915567874908447
985,0.921717405319214
986,0.898995697498322
987,0.967576444149017
988,0.967576444149017
989,0.918453812599182
990,0.901749074459076
991,0.919793546199799
992,0.933411538600922
993,0.933056175708771
994,0.872282922267914
995,0.851958215236664
996,0.877757549285889
997,0.892057955265045
998,0.950250387191772
999,0.904701173305511
1000,0.950250387191772
1001,0.93704617023468
1002,0.909685969352722
1003,0.828827977180481
1004,0.901749074459076
1005,0.873515725135803
1006,0.920853197574615
1007,0.86526083946228
1008,0.875312507152557
1009,0.906595826148987
1010,0.835140228271484
1011,0.887950122356415
1012,0.895969569683075
1013,0.898834049701691
1014,0.898834049701691
1015,0.912318706512451
1016,0.925777912139893
1017,0.881050050258636
1018,0.715971827507019
1019,0.66607540845871
1020,0.889050006866455
1021,0.863448560237885
1022,0.891697704792023
1023,0.946397244930267
1024,0.959956407546997
1025,0.951681733131409
1026,0.891697704792023
1027,0.909831941127777
1028,0.913820385932922
1029,0.935337364673615
1030,0.953914761543274
1031,0.863448560237885
1032,0.946317195892334
1033,0.951681733131409
1034,0.966350674629211
1035,0.903584361076355
1036,0.959956407546997
1037,0.951387465000153
1038,0.95672196149826
1039,0.966350674629211
1040,0.930469632148743
1041,0.930469632148743
1042,0.966350674629211
1043,0.949923992156982
1044,0.949923992156982
1045,0.957488000392914
1046,0.966350674629211
1047,0.954212069511414
1048,0.966350674629211
1049,0.966350674629211
1050,0.952740788459778
1051,0.934041619300842
1052,0.952376663684845
1053,0.959956407546997
1054,0.967576444149017
1055,0.959846496582031
1056,0.966350674629211
1057,0.966350674629211
1058,0.959956407546997
1059,0.967576444149017
1060,0.936532318592072
1061,0.939582467079163
1062,0.959956407546997
1063,0.950250387191772
1064,0.967576444149017
1065,0.944254815578461
1066,0.967576444149017
1067,0.959956407546997
1068,0.967576444149017
1069,0.953131794929504
1070,0.967576444149017
1071,0.951681733131409
1072,0.959956407546997
1073,0.967576444149017
1074,0.944261968135834
1075,0.951681733131409
1076,0.967576444149017
1077,0.967576444149017
1078,0.942965507507324
1079,0.967576444149017
1080,0.932318866252899
1081,0.967576444149017
1082,0.913705348968506
1083,0.967576444149017
1084,0.967576444149017
1085,0.967576444149017
1086,0.967576444149017
1087,0.949750125408173
1088,0.914983212947845
1089,0.967576444149017
1090,0.967576444149017
1091,0.865349590778351
1092,0.882096946239471
1093,0.963964521884918
1094,0.928496837615967
1095,0.942319571971893
1096,0.957488000392914
1097,0.967576444149017
1098,0.967576444149017
1099,0.957488000392914
1100,0.822081208229065
1101,0.892796635627747
1102,0.933767318725586
1103,0.892796635627747
1104,0.895000040531158
1105,0.923913419246674
1106,0.892796635627747
1107,0.862103164196014
1108,0.895000040531158
1109,0.910204172134399
1110,0.885869860649109
1111,0.913341522216797
1112,0.892796635627747
1113,0.892796635627747
1114,0.885869860649109
1115,0.838670015335083
1116,0.892796635627747
1117,0.881625533103943
1118,0.908897459506989
1119,0.896040081977844
1120,0.892796635627747
1121,0.853469789028168
1122,0.908897459506989
1123,0.908897459506989
1124,0.895001113414764
1125,0.892796635627747
1126,0.912025392055511
1127,0.885869860649109
1128,0.892796635627747
1129,0.892796635627747
1130,0.857150971889496
1131,0.892796635627747
1132,0.856584012508392
1133,0.885869860649109
1134,0.892796635627747
1135,0.892796635627747
1136,0.853469789028168
1137,0.933767318725586
1138,0.892796635627747
1139,0.867891669273376
1140,0.85563850402832
1141,0.892796635627747
1142,0.85563850402832
1143,0.874078810214996
1144,0.892796635627747
1145,0.889146387577057
1146,0.876776099205017
1147,0.876776099205017
1148,0.865163683891296
1149,0.885869860649109
1150,0.892796635627747
1151,0.844882428646088
1152,0.891042351722717
1153,0.850990653038025
1154,0.876776099205017
1155,0.876776099205017
1156,0.85484117269516
1157,0.802546739578247
1158,0.788251757621765
1159,0.827404975891113
1160,0.81088125705719
1161,0.864332318305969
1162,0.867891669273376
1163,0.819305002689362
1164,0.802982747554779
1165,0.743202149868011
1166,0.888862311840057
1167,0.850990653038025
1168,0.819712221622467
1169,0.892796635627747
1170,0.797253370285034
1171,0.892796635627747
1172,0.892796635627747
1173,0.868247509002686
1174,0.881625533103943
1175,0.892796635627747
1176,0.892796635627747
1177,0.892796635627747
1178,0.881625533103943
1179,0.889823079109192
1180,0.881625533103943
1181,0.892796635627747
1182,0.867891669273376
1183,0.892796635627747
1184,0.892796635627747
1185,0.892796635627747
1186,0.892796635627747
1187,0.892796635627747
1188,0.892796635627747
1189,0.892796635627747
1190,0.892796635627747
1191,0.908897459506989
1192,0.892796635627747
1193,0.908897459506989
1194,0.887260615825653
1195,0.892796635627747
1196,0.892796635627747
1197,0.892796635627747
1198,0.892796635627747
1199,0.892796635627747
1200,0.867891669273376
1201,0.85563850402832
1202,0.867891669273376
1203,0.892796635627747
1204,0.892796635627747
1205,0.908897459506989
1206,0.867891669273376
1207,0.892796635627747
1208,0.868247509002686
1209,0.895000040531158
1210,0.892796635627747
1211,0.867891669273376
1212,0.944932520389557
1213,0.867891669273376
1214,0.908897459506989
1215,0.892796635627747
1216,0.892796635627747
1217,0.908897459506989
1218,0.892796635627747
1219,0.876776099205017
1220,0.892796635627747
1221,0.892796635627747
1222,0.892796635627747
1223,0.892796635627747
1224,0.892796635627747
1225,0.908897459506989
1226,0.892796635627747
1227,0.867891669273376
1228,0.867891669273376
1229,0.867891669273376
1230,0.867891669273376
1231,0.839174807071686
1232,0.879962623119354
1233,0.867891669273376
1234,0.912025392055511
1235,0.867891669273376
1236,0.882955074310303
1237,0.892796635627747
1238,0.838670015335083
1239,0.850990653038025
1240,0.785097539424896
1241,0.83174455165863
1242,0.853914082050323
1243,0.874855041503906
1244,0.876776099205017
1245,0.868247509002686
1246,0.876776099205017
1247,0.892796635627747
1248,0.876776099205017
1249,0.892796635627747
1250,0.893533408641815
1251,0.835090756416321
1252,0.892796635627747
1253,0.892796635627747
1254,0.821257889270782
1255,0.857150971889496
1256,0.868966102600098
1257,0.892796635627747
1258,0.876776099205017
1259,0.900970578193665
1260,0.889823079109192
1261,0.823804795742035
1262,0.900808215141296
1263,0.867891669273376
1264,0.867891669273376
1265,0.892796635627747
1266,0.867891669273376
1267,0.887260615825653
1268,0.892796635627747
1269,0.881625533103943
1270,0.904281616210938
1271,0.908897459506989
1272,0.892796635627747
1273,0.926574409008026
1274,0.892796635627747
1275,0.892796635627747
1276,0.872412204742432
1277,0.908897459506989
1278,0.908897459506989
1279,0.908897459506989
1280,0.868247509002686
1281,0.885869860649109
1282,0.892796635627747
1283,0.892796635627747
1284,0.867891669273376
1285,0.892796635627747
1286,0.892796635627747
1287,0.867891669273376
1288,0.892796635627747
1289,0.892796635627747
1290,0.858407616615295
1291,0.732573449611664
1292,0.852152705192566
1293,0.876776099205017
1294,0.868966102600098
1295,0.843061327934265
1296,0.892796635627747
1297,0.838670015335083
1298,0.87053394317627
1299,0.892796635627747
1300,0.892796635627747
1301,0.933767318725586
1302,0.893328487873077
1303,0.892796635627747
1304,0.908897459506989
1305,0.867891669273376
1306,0.867891669273376
1307,0.911890268325806
1308,0.867891669273376
1309,0.867891669273376
1310,0.867891669273376
1311,0.836103558540344
1312,0.846498668193817
1313,0.862103164196014
1314,0.908897459506989
1315,0.90064525604248
1316,0.892796635627747
1317,0.867891669273376
1318,0.892796635627747
1319,0.85484117269516
1320,0.912025392055511
1321,0.876776099205017
1322,0.876776099205017
1323,0.892796635627747
1324,0.908897459506989
1325,0.892796635627747
1326,0.892796635627747
1327,0.892796635627747
1328,0.892796635627747
1329,0.885869860649109
1330,0.885869860649109
1331,0.867891669273376
1332,0.885869860649109
1333,0.892796635627747
1334,0.891405522823334
1335,0.885869860649109
1336,0.78717827796936
1337,0.892796635627747
1338,0.868966102600098
1339,0.892796635627747
1340,0.895000040531158
1341,0.838670015335083
1342,0.908897459506989
1343,0.923083603382111
1344,0.892796635627747
1345,0.885869860649109
1346,0.892796635627747
1347,0.892796635627747
1348,0.892796635627747
1349,0.908897459506989
1350,0.892796635627747
1351,0.885869860649109
1352,0.892796635627747
1353,0.892796635627747
1354,0.908897459506989
1355,0.892796635627747
1356,0.892796635627747
1357,0.944100022315979
1358,0.828916132450104
1359,0.892796635627747
1360,0.838670015335083
1361,0.885869860649109
1362,0.878384411334991
1363,0.892796635627747
1364,0.885869860649109
1365,0.867891669273376
1366,0.893328487873077
1367,0.887260615825653
1368,0.885869860649109
1369,0.892796635627747
1370,0.628581285476685
1371,0.819712221622467
1372,0.82386326789856
1373,0.807365834712982
1374,0.823804795742035
1375,0.867891669273376
1376,0.881625533103943
1377,0.867891669273376
1378,0.881625533103943
1379,0.892796635627747
1380,0.886676907539368
1381,0.867891669273376
1382,0.867891669273376
1383,0.867891669273376
1384,0.854933977127075
1385,0.891405522823334
1386,0.869572639465332
1387,0.892796635627747
1388,0.971224427223206
1389,0.964038610458374
1390,0.971224427223206
1391,0.971224427223206
1392,0.967041015625
1393,0.971224427223206
1394,0.964038610458374
1395,0.971224427223206
1396,0.971224427223206
1397,0.971224427223206
1398,0.971224427223206
1399,0.971224427223206
1400,0.959173560142517
1401,0.971224427223206
1402,0.971224427223206
1403,0.971224427223206
1404,0.967041015625
1405,0.971224427223206
1406,0.961989283561707
1407,0.971224427223206
1408,0.971224427223206
1409,0.971224427223206
1410,0.971224427223206
1411,0.963247418403625
1412,0.971224427223206
1413,0.971224427223206
1414,0.971224427223206
1415,0.971224427223206
1416,0.971224427223206
1417,0.952172994613647
1418,0.971224427223206
1419,0.957954585552216
1420,0.971224427223206
1421,0.968005418777466
1422,0.971224427223206
1423,0.971224427223206
1424,0.959173560142517
1425,0.971224427223206
1426,0.971224427223206
1427,0.971224427223206
1428,0.971224427223206
1429,0.971224427223206
1430,0.960048913955688
1431,0.968005418777466
1432,0.971224427223206
1433,0.960048913955688
1434,0.970353960990906
1435,0.971224427223206
1436,0.971224427223206
1437,0.971224427223206
1438,0.971224427223206
1439,0.971224427223206
1440,0.971224427223206
1441,0.971224427223206
1442,0.971224427223206
1443,0.971224427223206
1444,0.971224427223206
1445,0.971224427223206
1446,0.971224427223206
1447,0.971224427223206
1448,0.971224427223206
1449,0.971224427223206
1450,0.945279538631439
1451,0.971224427223206
1452,0.971224427223206
1453,0.971224427223206
1454,0.971224427223206
1455,0.952172994613647
1456,0.899856805801392
1457,0.904717743396759
1458,0.887969315052032
1459,0.931108295917511
1460,0.931108295917511
1461,0.887969315052032
1462,0.840141594409943
1463,0.917086243629456
1464,0.920581936836243
1465,0.909483969211578
1466,0.888133108615875
1467,0.909848868846893
1468,0.879110872745514
1469,0.844536960124969
1470,0.787679016590118
1471,0.905539989471436
1472,0.927167892456055
1473,0.774555921554565
1474,0.858927488327026
1475,0.944919407367706
1476,0.919390618801117
1477,0.900250971317291
1478,0.955278158187866
1479,0.93856817483902
1480,0.941073179244995
1481,0.927291691303253
1482,0.931627213954926
1483,0.850887417793274
1484,0.927291691303253
1485,0.931404888629913
1486,0.915960073471069
1487,0.927291691303253
1488,0.927291691303253
1489,0.910905301570892
1490,0.881786704063416
1491,0.794590830802917
1492,0.945931315422058
1493,0.935433745384216
1494,0.939895331859589
1495,0.93240350484848
1496,0.939895331859589
1497,0.945904791355133
1498,0.914630711078644
1499,0.904015064239502
1500,0.948984026908875
1501,0.922639608383179
1502,0.930442988872528
1503,0.944312453269958
1504,0.919523417949677
1505,0.930442988872528
1506,0.959218323230743
1507,0.945904791355133
1508,0.945904791355133
1509,0.91413688659668
1510,0.958000540733337
1511,0.93240350484848
1512,0.936996877193451
1513,0.851909995079041
1514,0.875928223133087
1515,0.905961275100708
1516,0.93240350484848
1517,0.93722677230835
1518,0.906037867069244
1519,0.93240350484848
1520,0.90301913022995
1521,0.929932415485382
1522,0.929932415485382
1523,0.954989850521088
1524,0.922858834266663
1525,0.899309873580933
1526,0.920027554035187
1527,0.951160490512848
1528,0.920027554035187
1529,0.897967278957367
1530,0.920027554035187
1531,0.951160490512848
1532,0.920027554035187
1533,0.783319890499115
1534,0.900745511054993
1535,0.865975618362427
1536,0.939760744571686
1537,0.196903273463249
1538,0.51943439245224
1539,0.834880352020264
1540,0.535839676856995
1541,0.856797575950623
1542,0.606653690338135
1543,0.501518785953522
1544,0.42485323548317
1545,0.852152705192566
1546,0.905728459358215
1547,0.889823079109192
1548,0.873421192169189
1549,0.892796635627747
1550,0.909015893936157
1551,0.892796635627747
1552,0.944932520389557
1553,0.821257889270782
1554,0.892796635627747
1555,0.892796635627747
1556,0.911743879318237
1557,0.936329185962677
1558,0.926773607730865
1559,0.926773607730865
1560,0.921958088874817
1561,0.55055296421051
1562,0.736286580562592
1563,0.632040977478027
1564,0.569244801998138
1565,0.88172858953476
1566,0.76270979642868
1567,0.868247509002686
1568,0.886676907539368
1569,0.879265427589417
1570,0.867891669273376
1571,0.881625533103943
1572,0.867891669273376
1573,0.867891669273376
1574,0.928238451480865
1575,0.892796635627747
1576,0.867891669273376
1577,0.881625533103943
1578,0.887260615825653
1579,0.85484117269516
1580,0.859051764011383
1581,0.852152705192566
1582,0.889823079109192
1583,0.867891669273376
1584,0.907039225101471
1585,0.892796635627747
1586,0.908897459506989
1587,0.809467256069183
1588,0.892796635627747
1589,0.892796635627747
1590,0.867891669273376
1591,0.852152705192566
1592,0.885869860649109
1593,0.892796635627747
1594,0.892796635627747
1595,0.892796635627747
1596,0.892796635627747
1597,0.874855041503906
1598,0.892796635627747
1599,0.892796635627747
1600,0.833063840866089
1601,0.885869860649109
1602,0.881625533103943
1603,0.893288731575012
1604,0.853469789028168
1605,0.923913419246674
1606,0.908897459506989
1607,0.908897459506989
1608,0.908897459506989
1609,0.887260615825653
1610,0.876776099205017
1611,0.876776099205017
1612,0.881625533103943
1613,0.892796635627747
1614,0.868247509002686
1615,0.908897459506989
1616,0.885869860649109
1617,0.908897459506989
1618,0.892796635627747
1619,0.892796635627747
1620,0.885869860649109
1621,0.885869860649109
1622,0.908897459506989
1623,0.892796635627747
1624,0.876776099205017
1625,0.892796635627747
1626,0.868247509002686
1627,0.835781216621399
1628,0.892796635627747
1629,0.876776099205017
1630,0.892796635627747
1631,0.895000040531158
1632,0.892796635627747
1633,0.892796635627747
1634,0.908897459506989
1635,0.892796635627747
1636,0.892796635627747
1637,0.876776099205017
1638,0.892796635627747
1639,0.867891669273376
1640,0.892796635627747
1641,0.885869860649109
1642,0.876776099205017
1643,0.867891669273376
1644,0.892796635627747
1645,0.867891669273376
1646,0.892796635627747
1647,0.874855041503906
1648,0.895000040531158
1649,0.867891669273376
1650,0.892796635627747
1651,0.885869860649109
1652,0.813561499118805
1653,0.933767318725586
1654,0.892796635627747
1655,0.938872694969177
1656,0.867891669273376
1657,0.892796635627747
1658,0.908897459506989
1659,0.892796635627747
1660,0.885869860649109
1661,0.892796635627747
1662,0.892796635627747
1663,0.892796635627747
1664,0.881625533103943
1665,0.892796635627747
1666,0.892796635627747
1667,0.892796635627747
1668,0.892796635627747
1669,0.892796635627747
1670,0.892796635627747
1671,0.892796635627747
1672,0.912085115909576
1673,0.885869860649109
1674,0.908897459506989
1675,0.885869860649109
1676,0.881625533103943
1677,0.892796635627747
1678,0.892796635627747
1679,0.867891669273376
1680,0.892796635627747
1681,0.881625533103943
1682,0.892796635627747
1683,0.876776099205017
1684,0.892796635627747
1685,0.891042351722717
1686,0.867891669273376
1687,0.809467256069183
1688,0.892796635627747
1689,0.876776099205017
1690,0.723527669906616
1691,0.892796635627747
1692,0.867891669273376
1693,0.892796635627747
1694,0.892796635627747
1695,0.852152705192566
1696,0.820367038249969
1697,0.892796635627747
1698,0.784116148948669
1699,0.895001113414764
1700,0.881625533103943
1701,0.910204172134399
1702,0.881625533103943
1703,0.892796635627747
1704,0.892796635627747
1705,0.876776099205017
1706,0.874855041503906
1707,0.892796635627747
1708,0.912025392055511
1709,0.899214744567871
1710,0.867891669273376
1711,0.892796635627747
1712,0.809467256069183
1713,0.892796635627747
1714,0.892796635627747
1715,0.889146387577057
1716,0.892796635627747
1717,0.876776099205017
1718,0.892796635627747
1719,0.892796635627747
1720,0.888839840888977
1721,0.910204172134399
1722,0.852152705192566
1723,0.889146387577057
1724,0.908897459506989
1725,0.884016990661621
1726,0.877704501152039
1727,0.862103164196014
1728,0.971224427223206
1729,0.821118474006653
1730,0.867891669273376
1731,0.892796635627747
